step,wall_time,value
94349,1776917249.889726,0.955536425
