step,wall_time,value
90599,1776913980.820545,24
90649,1776914000.997826,24
90699,1776914020.576226,24
90749,1776914040.054004,24
90799,1776914059.415376,24
90849,1776914078.791736,24
90899,1776914098.297351,24
90949,1776914117.738299,24
90999,1776914138.087875,24
91049,1776914157.127776,24
91099,1776914178.582482,24
91149,1776914197.275671,24
91199,1776914216.036157,24
91249,1776914235.315926,24
91299,1776914255.216005,24
91349,1776914274.629283,24
91399,1776914295.122803,24
91449,1776914314.722508,24
91499,1776914334.109881,24
91549,1776914353.217105,24
91599,1776914373.073048,24
91649,1776914391.989469,24
91699,1776914412.382065,24
91749,1776914431.878028,24
91799,1776914450.203356,24
91849,1776914469.921831,24
91899,1776914489.015281,24
91949,1776914508.168060,24
91999,1776914527.217856,24
92049,1776914545.924087,24
92099,1776914565.556197,24
92149,1776914585.177320,24
92199,1776914604.070535,24
92249,1776914624.078973,24
92299,1776914643.084190,24
92349,1776914662.505609,24
92399,1776914681.745002,24
92449,1776914700.044483,24
92499,1776914719.480505,24
92549,1776914737.420104,24
92599,1776914757.285184,24
92649,1776914780.075102,24
92699,1776914802.592874,24
92749,1776914825.256248,24
92799,1776914847.819158,24
92849,1776914867.762041,24
92899,1776914887.134279,24
92949,1776914906.399418,24
92999,1776914930.572029,24
93049,1776914952.414715,24
93099,1776914975.949137,24
93149,1776915001.595745,24
93199,1776915023.422932,24
93249,1776915043.864904,24
93299,1776915065.197423,24
93349,1776915085.820718,24
93399,1776915107.623376,24
93449,1776915127.772735,24
93499,1776915147.965381,24
93549,1776915168.732230,24
93599,1776915188.442776,24
93649,1776915207.510697,24
93699,1776915227.331369,24
93749,1776915248.043968,24
93799,1776915268.065174,24
93849,1776915287.770564,24
93899,1776915308.238611,24
93949,1776915327.218995,24
93999,1776915346.190257,24
94049,1776915366.277336,24
94099,1776915384.930132,24
94149,1776915404.467776,24
94199,1776915426.085963,24
94249,1776915445.179658,24
94299,1776915464.876463,24
94349,1776915490.078769,24
94349,1776917249.904033,24
94349,1776917250.294627,24
