step,wall_time,value
94349,1776917249.901739,0.00271082716
