step,wall_time,value
94349,1776917249.901517,0.053921245
