step,wall_time,value
94349,1776917249.902189,0.000456119451
