step,wall_time,value
94349,1776917249.901755,0.0994264781
