step,wall_time,value
94349,1776917249.901981,0.00296116062
