step,wall_time,value
94349,1776917249.901720,0.0866437256
