step,wall_time,value
94349,1776917249.902222,0.621155262
