step,wall_time,value
94349,1776917249.902690,0.00282654236
