step,wall_time,value
94349,1776917249.902987,0.412512273
