step,wall_time,value
94349,1776917249.902207,0.977210581
