step,wall_time,value
94349,1776917249.902725,0.409439296
