step,wall_time,value
94349,1776917249.903006,0.0320259407
