step,wall_time,value
94349,1776917249.902740,0.313815773
