step,wall_time,value
94349,1776917249.902434,0.999926329
