step,wall_time,value
94349,1776917249.902416,0.609162271
