step,wall_time,value
94349,1776917249.902709,0.000425359438
